<?xml version="1.0" encoding="UTF-8" standalone="yes"?>
<addon id="script.tvguidemicro" name="Micro TV Guide" version="0.0.37" provider-name="microtv, dixiedean, twinther">
    <requires>
        <import addon="xbmc.python" version="2.1.0"/>
        <import addon="script.module.simplejson" version="2.0.10"/>
        <import addon="script.module.elementtree" version="1.2.7"/>
        <import addon="script.module.buggalo" version="1.1.2"/>
    </requires>
    <extension point="xbmc.python.script" library="addon.py"><provides>video</provides></extension>
    <extension point="xbmc.python.script" library="addon.py"/>
    <extension point="xbmc.service" library="service.py" start="login" />
    <extension point="xbmc.addon.metadata">
        <summary lang="da">TV Guide med XMLTV og streaming support</summary>
        <summary lang="de">TV Guide mit XMLTV und Streamingunterstützung</summary>
        <summary lang="el">Οδηγός Τηλεόρασης με XMLTV και υποστήριξη ροών</summary>
        <summary lang="en">TV Guide with XMLTV and streaming support</summary>
        <summary lang="es">TV Guide con XMLTV y soporte para streaming</summary>
        <summary lang="gl">Guía de TV con soporte XMLTV e transmisións</summary>
        <summary lang="it">Guida TV con supporto XMLTV e streaming</summary>
        <summary lang="ko">XMLTV와 스트리밍을 지원하는 TV Guide</summary>
        <summary lang="pl">TV Guide obsługujący XMLTV oraz transmisję strumieniową</summary>
        <summary lang="pt">Guia TV com suporte XMLTV e transmissões</summary>
        <summary lang="pt_BR">Guia de TV com XMLTV e suporte para transmissão online</summary>
        <summary lang="sk">TV Program s podporou XMLTV a streamovania</summary>
        <summary lang="sv">TV-guide med XML-TV och strömningsstöd</summary>
        <summary lang="zh">支持XMLTV和流的电视指南</summary>
        <description lang="da">TV guiden giver dig et overblik over hvad der er på TV lige nu, så slipper du for at zappe væk fra XBMC![CR]EPG data kan indlæses fra YouSee.tv, DR.dk, TvTid.dk, XMLTV fil,  eller en ekstern JSON kilde.[CR][CR]Naviger med piletasterne og skift side med kanal + og -.[CR][CR]Har du kommentarer, ris eller ros til denne addon er du velkommen til at delta    ge i debatten på min blog på http://tommy.winther.nu</description>
        <description lang="de">Der TV-Guide gibt Dir einen Überblick, was gerade im TV läuft, so dass man nicht von XBMC wegschalten muss! [CR]EPG-Daten können von YouSee.tv, DR.dk, TvTid.dk, XMLTV-Dateien oder über eine woanders abgelegte JSON-Quelle eingebunden werden.[CR][CR] Navigiere mit den Pfeiltasten und wechsle die Seite mittels der Kanalwahltasten +/-. [CR][CR]Wenn Du Kommentare oder Vorschläge zu diesem addon hast, fühl Dich eingeladen, in der Debatte auf meinem Blog unter http://tommy.winther.nu teilzunehmen.</description>
        <description lang="el">Ο Οδηγός TV σας δίνει μια περίληψη του τι παίζει στην τηλεόραση αυτή τη στιγμή, ούτως ώστε να μη χρειαστεί να κλείσετε το XBMC![CR]Δεδομένα EPG μπορούν να ληφθούν μέσω των YouSee.tv, DR.dk, TvTid.dk, αρχείων XMLTV ή απομακρυσμένες πηγές JSON.[CR][CR]Περιηγηθείτε χρησιμοποιώντας τα βέλη κατεύθυνσης και αλλάξτε σελίδα μέσω των πλήκτρων Κανάλι + / -.[CR][CR]Αν έχετε σχόλια ή προτάσεις για αυτό το πρόσθετο μπορείτε να συμμετάσχετε ελεύθερα στη συζήτηση στο blog μου στο http://tommy.winther.nu</description>
        <description lang="en">A comprehensive EPG that is compatible with many popular live TV addons. TV Guide Dixie gives you an overview on what is on TV right now whilst automatically triggering your favourite live TV addons.[CR]EPG data can be retrieved from XMLTV file or specialised DIXIE Url sources.[CR][CR]Navigate using the arrow keys and change page using channel + / -.[CR]</description>
        <description lang="es">TV Guide ofrece una visión general de lo que hay en la televisión ahora mismo, así no tienes que cambiar el canal en XBMC![CR]Los datos EPG pueden ser obtenidos de YouSee.tv, DR.dk, TvTid.dk, archivo XMLTV o de una fuente remota de JSON.[CR][CR]Navegue usando las teclas de flecha y cambie de página mediante canal + / -.[CR][CR]Si usted tiene comentarios o sugerencias para este complemente, no dude en participar en el debate de mi blog en http://tommy.winther.nu</description>
        <description lang="gl">A Guía de TV fornece dunha visión xeral do que está a acontecer na TV nestes intres, para que non teña que trocar de canle fóra do XBMC![CR]Os datos da Guía pódense obter de YouSee.tv, DR.dk, TvTid.dk, do ficheiro de XMLTV ou dunha fonte JSON remota.[CR][CR]Navegue usando as frechas e troque a página usando canle + / -.[CR][CR]Se ten comentarios ou suxestións, pode facelos no meu blogue en http://tommy.winther.nu</description>
        <description lang="it">La guida TV ti da un'idea di cosa c'è in TV ora, così non dovrai cambiare canale in XBMC![CR]I dati EPG possono essere recuperati da YouSee.tv, DR.dk, TvTid.dk, da file XMLTV o sorgenti JSON remote.[CR][CR]Naviga usando le freccie e cambia pagina usando Canale +/-.[CR][CR]Se hai commenti o suggerimenti per questo addon, sei libero di partecipare alla discussione sul mio blog su http://tommy.winther.nu</description>
        <description lang="pl">Program TV Guide pokazuje Ci co jest nadawane w telewizji, więc teraz już nie musisz zmieniać kanału z XBMC![CR]Dane EPG mogą być pobierane z YouSee.tv, DR.dk, TvTid.dk, pliku XMLTV lub zewnętrznego źródła JSON.[CR][CR]Aby poruszać się po interfejsie użyj klawiszy strzałek, możesz także zmieniać strony za pomocą klawiszy Program + / -.[CR][CR]Jeśli masz komentarz lub sugestie dotyczące tego dodatku będę wdzięczny jeśli podzielisz się nimi ze mną na blogu http://tommy.winther.nu</description>
        <description lang="pt">O Guia TV dá-lhe uma visão geral do que está a passar na TV neste momento, para que não tenha de sair do XBMC![CR]Os dados de EPG podem ser obtidos de YouSee.tv, DR.dk, TvTid.dk, ficheiro XMLTV ou fonte remota JSON.[CR][CR]Navegue utilizando as setas e mude a página com as teclas de canal + / -.[CR][CR]Se tiver comentários ou sugestões para este addon, esteja à vontade para participar no debate acedendo ao blog http://tommy.winther.nu</description>
        <description lang="pt_BR">O TV Guide dá uma prévia do que está passando na TV, para que você não precise mudar de canal no XBMC![CR]Dados de EPG podem ser obtidos do YouSee.tv, DR.dk, TVTid.dk, arquivo XML ou fonte JSON remota.[CR][CR]Navegue usando as setas e mude de página usando canal +/-.[CR][CR]Se você tiver algum comentário ou sugestões para este addon, sinta-se livre para participar do debate no meu blog em http://tommy.winther.nu.</description>
        <description lang="sk">TV Program Vám dá prehľad čo sa práve v TV vysiela, aby ste nemuseli prepnúť preč z XBMC!&#10;EPG dáta sa môžu načítavať z YouSee.tv, DR.dk, TvTid.dk, XMLTV súboru alebo vzdialeného JSON zdroja.&#10;&#10;Navigujete šípkami a stránku zmeníte pomocou Kanál + / -.&#10;&#10;Ak máte poznámky či pripomienky k tomuto doplnku, prosím prispejte do diskusie na blogu http://tommy.winther.nu.</description>
        <description lang="sv">TV-Guide ger dig en överblick av vad som visas på TV just nu, så du inte behöver ändra kanal från XBMC![CR]EPG-data kan hämtas från YouSee.tv, DR.dk, TvTid.dk, XMLTV-fil eller JSON fjärrkälla.[CR][CR]Navigera med hjälp av piltangenterna och ändra kanaler +/-.[CR][CR]Om du har kommentarer eller förslag för det här tillägget, var god och delta i debatten på min blogg http://tommy.winther.nu</description>
        <description lang="zh">电视指南让你不用退出XBMC频道就能知道电视台正播出什么节目！[CR]电子节目单数据获取于YouSee.tv、DR.dk、TvTid.dk、XMLTV文件或远程JSON源。[CR][CR]用方向键导航，用频道+/-换页。[CR][CR]对本插件有何意见或建议，请到我的博客讨论http://tommy.winther.nu</description>
        <platform>all</platform>
        <language></language>
        <license>GPLv2</license>
    </extension>
</addon>
