<?xml version="1.0" encoding="UTF-8" standalone="yes"?>
<addon id="repository.microtv-addons" name="microtv-addons" version="1.4.0" provider-name="microtv">
	<extension point="xbmc.addon.repository" name="microtv-addons-1.4.0">
		<info compressed="false">https://github.com/microtv/guide/raw/master/addons.xml</info>
		<checksum>https://github.com/microtv/guide/raw/master/addons.xml.md5</checksum>
		<datadir zip="true">https://github.com/microtv/guide/raw/master/zips</datadir>
	</extension>
	<extension point="xbmc.addon.metadata">
		<summary>Micro TV Addons</summary>
		<description>Download addons</description>
		<platform>all</platform>
	</extension>
</addon>