<?xml version="1.0" encoding="UTF-8" standalone="yes"?>
<addon id="plugin.video.microtv" name="Micro TV" version="0.0.40" provider-name="Micro TV">
  <requires>
    <import addon="xbmc.python" version="2.1.0"/>
    <import addon="script.module.t0mm0.common" version="0.0.1"/>
  </requires>
  <extension point="xbmc.python.pluginsource" library="default.py">
        <provides>video</provides>
  </extension>
  <extension point="xbmc.addon.metadata">
      <summary lang="en">Live FilmOn Streams</summary>
      <description lang="en">Live FilmOn Streams</description>
      <disclaimer lang="en"></disclaimer>
      <platform>all</platform>
  </extension>
</addon>
