<?xml version="1.0" encoding="UTF-8" standalone="yes"?>
<addon id="xbmc.repo.microtv" name="Micro TV Addons" version="1.1.0" provider-name="Micro TV">
	<extension point="xbmc.addon.repository" name="Micro TV Addons">
		<info compressed="false">https://github.com/microtv/guide/addons.xml</info>
		<checksum>https://github.com/microtv/guide/addons.xml.md5</checksum>
		<datadir zip="true">https://github.com/microtv/guidezips/</datadir>
	</extension>
	<extension point="xbmc.addon.metadata">
		<summary>Micro TV Addons</summary>
		<description>Download addons </description>
		<disclaimer></disclaimer>
		<platform>all</platform>
	</extension>
</addon>