<?xml version="1.0" encoding="UTF-8" standalone="yes"?>
<addon id="repository.microtv" name="Micro TV Addons" version="1.2.0" provider-name="Micro TV">
	<extension point="xbmc.addon.repository" name="Micro TV Addons">
		<info compressed="false">https://raw.github.com/microtv/guide/master/addons.xml</info>
		<checksum>https://raw.github.com/microtv/guide/master/addons.xml.md5</checksum>
		<datadir zip="true">https://raw.github.com/microtv/guide/master/zips</datadir>
	</extension>
	<extension point="xbmc.addon.metadata">
		<summary>Micro TV Addons</summary>
		<description>Download addons</description>
		<platform>all</platform>
	</extension>
</addon>